{
  "UNIUSDT": -1.082156258353265,
  "SOLUSDT": -0.29138257633259557,
  "ETHUSDT": -0.06749035527181993,
  "BNBUSDT": -0.7629853970778783,
  "DOGEUSDT": 0.2688203506882302,
  "TONUSDT": -0.5785525382661788,
  "SUIUSDT": 2.7053086578897756,
  "XRPUSDT": -0.06145349497597385,
  "TRXUSDT": -1.4072658913342395,
  "ADAUSDT": -0.8791663323831505,
  "LINKUSDT": 0.08994003966028351,
  "XLMUSDT": -0.5898017541579915,
  "ZECUSDT": 1.114821532259719,
  "LTCUSDT": 1.192044141959856,
  "AVAXUSDT": -0.3702157148163696,
  "WLFIUSDT": 0.7195355905115981
}
