{
  "UNIUSDT": 0.07811853673705485,
  "SOLUSDT": 0.23359149722722294,
  "ETHUSDT": 1.2175044460879607,
  "BNBUSDT": 1.909823796509823,
  "DOGEUSDT": -0.4878703754494018,
  "TONUSDT": -0.19839023072103287,
  "SUIUSDT": -2.5386433022701027,
  "XRPUSDT": 0.866011868139464,
  "ADAUSDT": -0.44495197985015544,
  "LINKUSDT": -0.3506980268275738,
  "XLMUSDT": 0.4181098689946193,
  "ZECUSDT": 0.41850042645295515,
  "LTCUSDT": -0.42242980730698804,
  "AVAXUSDT": -0.6986767177238479
}
