{
  "UNIUSDT": 1.5204973818506369,
  "SOLUSDT": -0.30433408616749635,
  "ETHUSDT": -0.9599127972051832,
  "BNBUSDT": -0.9218741013352616,
  "DOGEUSDT": -0.5451680001618934,
  "TONUSDT": -0.17159496594296403,
  "SUIUSDT": 2.2433125493362582,
  "XRPUSDT": 0.06459054087370873,
  "TRXUSDT": 0.4438541028798445,
  "ADAUSDT": 1.099291675758074,
  "LINKUSDT": -0.9853179897412961,
  "XLMUSDT": -0.2342574787010564,
  "ZECUSDT": 0.9142609448447382,
  "LTCUSDT": -1.7640520246941838,
  "AVAXUSDT": -0.23326331962565408,
  "WLFIUSDT": -0.16603243196827164
}
