{
  "UNIUSDT": 0.45597116336934934,
  "SOLUSDT": -0.520983246276546,
  "ETHUSDT": -0.7555677457027196,
  "BNBUSDT": -0.5191661329305702,
  "DOGEUSDT": -0.19331338405178916,
  "TONUSDT": 0.9446646727949235,
  "SUIUSDT": 0.5792970428169145,
  "XRPUSDT": 0.09937961083285912,
  "TRXUSDT": 0.13734390812904218,
  "ADAUSDT": -0.9002630315403347,
  "LINKUSDT": -0.4233679423805596,
  "XLMUSDT": 0.5513077130764572,
  "ZECUSDT": 2.145000360420465,
  "LTCUSDT": -0.06817224881940702,
  "AVAXUSDT": -2.5427369906631996,
  "WLFIUSDT": 1.0106062509251146
}
