{
  "cooldown_until": 0.0,
  "cum_roi_frac": 0.0001889322914447623,
  "last_signal_mtime": 1766885971.3126283,
  "last_trade_roi_frac": -0.0002986906580940105,
  "open_entry_price": 5.995,
  "open_qty": 12.0,
  "open_side": "LONG",
  "open_symbol": "UNIUSDT",
  "open_ts": "2025-12-28T01:39:35.085075Z"
}