{
  "timestamp": "2025-12-25T23:20:06.332167Z",
  "equity_usd": 95.00805152979066,
  "roi_frac": -0.0499194847020934,
  "position": {
    "type": "ALT",
    "token": "UNI",
    "entry_price": 6.21,
    "current_price": 5.9,
    "target_price": 12.465450587433558,
    "hmi_override": false
  },
  "hmi": 61.4,
  "hmi_band": "We're early",
  "action": "HOLD",
  "benchmarks": {
    "BTC": {
      "base_price": 91310.0,
      "current_price": 87631.0,
      "roi_frac": -0.04029131529952912
    },
    "ETH": {
      "base_price": 3015.0,
      "current_price": 2923.8,
      "roi_frac": -0.030248756218905437
    },
    "BNB": {
      "base_price": 895.0,
      "current_price": 837.57,
      "roi_frac": -0.06416759776536307
    },
    "SOL": {
      "base_price": 140.85,
      "current_price": 121.84,
      "roi_frac": -0.13496627618033363
    }
  }
}