{
  "timestamp": "2025-12-20T23:20:06.666083Z",
  "equity_usd": 100.48309178743962,
  "roi_frac": 0.004830917874396157,
  "position": {
    "type": "ALT",
    "token": "UNI",
    "entry_price": 6.21,
    "current_price": 6.24,
    "target_price": 12.51311672496862,
    "hmi_override": false
  },
  "hmi": 59.3,
  "hmi_band": "Stabled",
  "action": "HOLD",
  "benchmarks": {
    "BTC": {
      "base_price": 91310.0,
      "current_price": 88302.0,
      "roi_frac": -0.03294272259336328
    },
    "ETH": {
      "base_price": 3015.0,
      "current_price": 2976.26,
      "roi_frac": -0.012849087893863964
    },
    "BNB": {
      "base_price": 895.0,
      "current_price": 852.47,
      "roi_frac": -0.047519553072625675
    },
    "SOL": {
      "base_price": 140.85,
      "current_price": 125.86,
      "roi_frac": -0.10642527511537092
    }
  }
}