{
  "timestamp": "2026-01-14T16:15:03.110961Z",
  "equity_usd": 93.55877616747182,
  "roi_frac": -0.06441223832528176,
  "position": {
    "type": "BTC",
    "token": "BTC",
    "entry_price": 97351.0,
    "current_price": 97351.0,
    "target_price": null,
    "hmi_override": false
  },
  "hmi": 85.5,
  "hmi_band": "Frothy",
  "action": "SWITCH",
  "benchmarks": {
    "BTC": {
      "base_price": 91310.0,
      "current_price": 97351.0,
      "roi_frac": 0.06615923776147192
    },
    "ETH": {
      "base_price": 3015.0,
      "current_price": 3365.75,
      "roi_frac": 0.116334991708126
    },
    "BNB": {
      "base_price": 895.0,
      "current_price": 944.97,
      "roi_frac": 0.05583240223463681
    },
    "SOL": {
      "base_price": 140.85,
      "current_price": 147.53,
      "roi_frac": 0.04742634007809721
    }
  }
}